{"50": {"Netlist lines": 5016, "Subckt and Param expansion time": 0.08492706454808642, "Netlist parsing time": 0.04698003083482683, "Netlist loading time": 0.013000398882172613, "Matrix load time": 0.02106902222340146, "Transient load time": 0.0, "Matrix synchronize time": 0.0, "Matrix reorder time": 0.300937416856042, "Matrix factor time": 0.07975949947979412, "Matrix solve time": 0.004984859044723491, "Total analysis time (seconds)": 0.610609009098265, "Total iterations": 5.98088806147118, "Circuit Equations": 12506.0, "Circuit original non-zeroes": 57501.0, "Circuit fill-in non-zeroes": 116794.92800839532, "Circuit total non-zeroes": 0.0}, "30": {"Netlist lines": 1816, "Subckt and Param expansion time": 0.027006627457393163, "Netlist parsing time": 0.015005519980592694, "Netlist loading time": 0.004996726758739445, "Matrix load time": 0.004595954749793768, "Transient load time": 0.0, "Matrix synchronize time": 0.0, "Matrix reorder time": 0.03174805463744227, "Matrix factor time": 0.018706092642564683, "Matrix solve time": 1.7582972164273354e-05, "Total analysis time (seconds)": 0.08508791129657299, "Total iterations": 6.921013941376034, "Circuit Equations": 4506.0, "Circuit original non-zeroes": 20701.0, "Circuit fill-in non-zeroes": 34235.65304557101, "Circuit total non-zeroes": 0.0}, "20": {"Netlist lines": 816, "Subckt and Param expansion time": 0.012016976654197521, "Netlist parsing time": 0.006028927537667506, "Netlist loading time": 0.0020170023879128533, "Matrix load time": 0.002692909804579454, "Transient load time": 0.0, "Matrix synchronize time": 0.0, "Matrix reorder time": 0.006352829424015791, "Matrix factor time": 0.00302591908685795, "Matrix solve time": 0.0009540027881508639, "Total analysis time (seconds)": 0.02197675145356201, "Total iterations": 6.82508135787998, "Circuit Equations": 2006.0, "Circuit original non-zeroes": 9201.0, "Circuit fill-in non-zeroes": 11636.30683406192, "Circuit total non-zeroes": 0.0}, "10": {"Netlist lines": 216, "Subckt and Param expansion time": 0.0030923114766915555, "Netlist parsing time": 0.0011659486720312338, "Netlist loading time": 0.0009086317094950719, "Matrix load time": 0.0011467180611749016, "Transient load time": 0.0, "Matrix synchronize time": 0.0, "Matrix reorder time": 0.0004280682496586944, "Matrix factor time": 9.227446944279202e-06, "Matrix solve time": 9.509900499e-06, "Total analysis time (seconds)": 0.0035941011982222686, "Total iterations": 9.499746985650534, "Circuit Equations": 506.0, "Circuit original non-zeroes": 2301.0, "Circuit fill-in non-zeroes": 1686.286437183856, "Circuit total non-zeroes": 0.0}, "4": {"Netlist lines": 48, "Subckt and Param expansion time": 0.0007074400601504509, "Netlist parsing time": 0.00043588226040623787, "Netlist loading time": 0.0002828819182912083, "Matrix load time": 6.660784368283096e-05, "Transient load time": 0.0, "Matrix synchronize time": 0.0, "Matrix reorder time": 0.0002457749505992979, "Matrix factor time": 0.0, "Matrix solve time": 0.0, "Total analysis time (seconds)": 0.0013248906570367933, "Total iterations": 5.699810942150516, "Circuit Equations": 87.0, "Circuit original non-zeroes": 369.0, "Circuit fill-in non-zeroes": 96.0, "Circuit total non-zeroes": 0.0}}