{"50": {"Netlist lines": 5014, "Subckt and Param expansion time": 0.07731999999999999, "Netlist parsing time": 0.04244000000000001, "Netlist loading time": 0.012640000000000005, "Matrix load time": 0.053280000000000015, "Transient load time": 0.0, "Matrix synchronize time": 0.0, "Matrix reorder time": 0.011680000000000003, "Matrix factor time": 0.11292000000000005, "Matrix solve time": 0.006800000000000003, "Total analysis time (seconds)": 0.26103999999999994, "Total iterations": 38.0, "Circuit Equations": 12506.0, "Circuit original non-zeroes": 57505.0, "Circuit fill-in non-zeroes": 156204.0, "Circuit total non-zeroes": 213709.0}, "30": {"Netlist lines": 1814, "Subckt and Param expansion time": 0.026600000000000016, "Netlist parsing time": 0.014600000000000009, "Netlist loading time": 0.004800000000000001, "Matrix load time": 0.00888, "Transient load time": 0.0, "Matrix synchronize time": 0.0, "Matrix reorder time": 0.0030000000000000014, "Matrix factor time": 0.023520000000000006, "Matrix solve time": 0.0023600000000000006, "Total analysis time (seconds)": 0.06216, "Total iterations": 34.0, "Circuit Equations": 4506.0, "Circuit original non-zeroes": 20705.0, "Circuit fill-in non-zeroes": 49590.0, "Circuit total non-zeroes": 70295.0}, "20": {"Netlist lines": 814, "Subckt and Param expansion time": 0.011800000000000007, "Netlist parsing time": 0.006520000000000003, "Netlist loading time": 0.002080000000000001, "Matrix load time": 0.0026400000000000013, "Transient load time": 0.0, "Matrix synchronize time": 0.0, "Matrix reorder time": 0.0012000000000000005, "Matrix factor time": 0.005400000000000003, "Matrix solve time": 0.0010400000000000003, "Total analysis time (seconds)": 0.02048000000000001, "Total iterations": 29.0, "Circuit Equations": 2006.0, "Circuit original non-zeroes": 9205.0, "Circuit fill-in non-zeroes": 16624.0, "Circuit total non-zeroes": 25829.0}, "10": {"Netlist lines": 214, "Subckt and Param expansion time": 0.003680000000000001, "Netlist parsing time": 0.0019600000000000012, "Netlist loading time": 0.0008400000000000004, "Matrix load time": 0.0012400000000000007, "Transient load time": 0.0, "Matrix synchronize time": 0.0, "Matrix reorder time": 0.00028000000000000003, "Matrix factor time": 0.0012400000000000004, "Matrix solve time": 0.00012, "Total analysis time (seconds)": 0.006080000000000002, "Total iterations": 48.0, "Circuit Equations": 506.0, "Circuit original non-zeroes": 2305.0, "Circuit fill-in non-zeroes": 2399.0, "Circuit total non-zeroes": 4704.0}, "4": {"Netlist lines": 46, "Subckt and Param expansion time": 0.0004400000000000001, "Netlist parsing time": 0.00032, "Netlist loading time": 0.00016, "Matrix load time": 0.00012000000000000004, "Transient load time": 0.0, "Matrix synchronize time": 0.0, "Matrix reorder time": 4e-05, "Matrix factor time": 0.00032, "Matrix solve time": 0.0, "Total analysis time (seconds)": 0.0013200000000000006, "Total iterations": 42.0, "Circuit Equations": 87.0, "Circuit original non-zeroes": 373.0, "Circuit fill-in non-zeroes": 157.0, "Circuit total non-zeroes": 530.0}}