{"50": {"Netlist lines": 5014, "Subckt and Param expansion time": 0.44284, "Netlist parsing time": 0.05876000000000001, "Netlist loading time": 0.011240000000000005, "Matrix load time": 0.09404000000000001, "Transient load time": 0.0, "Matrix synchronize time": 0.0, "Matrix reorder time": 0.2032, "Matrix factor time": 0.5244800000000001, "Matrix solve time": 0.028560000000000016, "Total analysis time (seconds)": 1.0456399999999997, "Total iterations": 34.0, "Circuit Equations": 12506.0, "Circuit original non-zeroes": 57505.0, "Circuit fill-in non-zeroes": 119501.0, "Circuit total non-zeroes": 0.0}, "30": {"Netlist lines": 1814, "Subckt and Param expansion time": 0.07155999999999998, "Netlist parsing time": 0.01988000000000001, "Netlist loading time": 0.0039200000000000025, "Matrix load time": 0.012320000000000003, "Transient load time": 0.0, "Matrix synchronize time": 0.0, "Matrix reorder time": 0.027880000000000016, "Matrix factor time": 0.07643999999999998, "Matrix solve time": 0.005000000000000001, "Total analysis time (seconds)": 0.15036, "Total iterations": 33.0, "Circuit Equations": 4506.0, "Circuit original non-zeroes": 20705.0, "Circuit fill-in non-zeroes": 32212.0, "Circuit total non-zeroes": 0.0}, "20": {"Netlist lines": 814, "Subckt and Param expansion time": 0.021280000000000007, "Netlist parsing time": 0.008600000000000003, "Netlist loading time": 0.0019200000000000011, "Matrix load time": 0.0032400000000000007, "Transient load time": 0.0, "Matrix synchronize time": 0.0, "Matrix reorder time": 0.006200000000000003, "Matrix factor time": 0.016400000000000005, "Matrix solve time": 0.0020800000000000003, "Total analysis time (seconds)": 0.03492000000000003, "Total iterations": 33.0, "Circuit Equations": 2006.0, "Circuit original non-zeroes": 9205.0, "Circuit fill-in non-zeroes": 11446.0, "Circuit total non-zeroes": 0.0}, "10": {"Netlist lines": 214, "Subckt and Param expansion time": 0.004640000000000002, "Netlist parsing time": 0.0022800000000000016, "Netlist loading time": 0.0007200000000000004, "Matrix load time": 0.0011600000000000002, "Transient load time": 0.0, "Matrix synchronize time": 0.0, "Matrix reorder time": 0.0007200000000000004, "Matrix factor time": 0.00068, "Matrix solve time": 0.00032, "Total analysis time (seconds)": 0.004680000000000003, "Total iterations": 43.0, "Circuit Equations": 506.0, "Circuit original non-zeroes": 2305.0, "Circuit fill-in non-zeroes": 1592.0, "Circuit total non-zeroes": 0.0}, "4": {"Netlist lines": 46, "Subckt and Param expansion time": 0.0006800000000000004, "Netlist parsing time": 0.00036, "Netlist loading time": 0.0002, "Matrix load time": 0.0002, "Transient load time": 0.0, "Matrix synchronize time": 0.0, "Matrix reorder time": 8e-05, "Matrix factor time": 4e-05, "Matrix solve time": 0.0, "Total analysis time (seconds)": 0.0006800000000000004, "Total iterations": 42.0, "Circuit Equations": 87.0, "Circuit original non-zeroes": 373.0, "Circuit fill-in non-zeroes": 99.0, "Circuit total non-zeroes": 0.0}}