{"50": {"Netlist lines": 40007, "Subckt and Param expansion time": 0.5118, "Netlist parsing time": 0.06432000000000002, "Netlist loading time": 2.7652399999999995, "Matrix load time": 0.09183999999999999, "Transient load time": 0.0, "Matrix synchronize time": 0.0, "Matrix reorder time": 0.21208000000000005, "Matrix factor time": 0.51156, "Matrix solve time": 0.025520000000000008, "Total analysis time (seconds)": 1.0446, "Total iterations": 34.0, "Circuit Equations": 12506.0, "Circuit original non-zeroes": 57505.0, "Circuit fill-in non-zeroes": 119501.0, "Circuit total non-zeroes": 0.0}, "30": {"Netlist lines": 14407, "Subckt and Param expansion time": 0.07912, "Netlist parsing time": 0.022760000000000006, "Netlist loading time": 0.36444000000000004, "Matrix load time": 0.017000000000000005, "Transient load time": 0.0, "Matrix synchronize time": 0.0, "Matrix reorder time": 0.029920000000000016, "Matrix factor time": 0.08116, "Matrix solve time": 0.005880000000000003, "Total analysis time (seconds)": 0.16552, "Total iterations": 33.0, "Circuit Equations": 4506.0, "Circuit original non-zeroes": 20705.0, "Circuit fill-in non-zeroes": 32212.0, "Circuit total non-zeroes": 0.0}, "20": {"Netlist lines": 6407, "Subckt and Param expansion time": 0.021440000000000004, "Netlist parsing time": 0.008520000000000005, "Netlist loading time": 0.07675999999999998, "Matrix load time": 0.00524, "Transient load time": 0.0, "Matrix synchronize time": 0.0, "Matrix reorder time": 0.006000000000000003, "Matrix factor time": 0.015920000000000004, "Matrix solve time": 0.0018000000000000004, "Total analysis time (seconds)": 0.03704000000000002, "Total iterations": 33.0, "Circuit Equations": 2006.0, "Circuit original non-zeroes": 9205.0, "Circuit fill-in non-zeroes": 11446.0, "Circuit total non-zeroes": 0.0}, "10": {"Netlist lines": 1607, "Subckt and Param expansion time": 0.003960000000000003, "Netlist parsing time": 0.002080000000000002, "Netlist loading time": 0.006920000000000004, "Matrix load time": 0.0008400000000000001, "Transient load time": 0.0, "Matrix synchronize time": 0.0, "Matrix reorder time": 0.0006400000000000003, "Matrix factor time": 0.0008400000000000001, "Matrix solve time": 0.0004000000000000001, "Total analysis time (seconds)": 0.004160000000000001, "Total iterations": 43.0, "Circuit Equations": 506.0, "Circuit original non-zeroes": 2305.0, "Circuit fill-in non-zeroes": 1592.0, "Circuit total non-zeroes": 0.0}, "4": {"Netlist lines": 263, "Subckt and Param expansion time": 0.0006000000000000003, "Netlist parsing time": 0.0004400000000000001, "Netlist loading time": 0.0008000000000000005, "Matrix load time": 0.00012000000000000004, "Transient load time": 0.0, "Matrix synchronize time": 0.0, "Matrix reorder time": 0.0, "Matrix factor time": 0.00012000000000000004, "Matrix solve time": 0.0, "Total analysis time (seconds)": 0.0008000000000000005, "Total iterations": 42.0, "Circuit Equations": 87.0, "Circuit original non-zeroes": 373.0, "Circuit fill-in non-zeroes": 99.0, "Circuit total non-zeroes": 0.0}}