{"50": {"Netlist lines": 5014, "Subckt and Param expansion time": 0.07919999999999998, "Netlist parsing time": 0.04620000000000002, "Netlist loading time": 0.012280000000000004, "Matrix load time": 0.10572, "Transient load time": 0.0, "Matrix synchronize time": 0.0, "Matrix reorder time": 0.21360000000000004, "Matrix factor time": 0.5873999999999999, "Matrix solve time": 0.03260000000000002, "Total analysis time (seconds)": 1.1381599999999998, "Total iterations": 36.0, "Circuit Equations": 12506.0, "Circuit original non-zeroes": 57505.0, "Circuit fill-in non-zeroes": 119501.0, "Circuit total non-zeroes": 0.0}, "30": {"Netlist lines": 1814, "Subckt and Param expansion time": 0.02684000000000001, "Netlist parsing time": 0.014520000000000009, "Netlist loading time": 0.004880000000000003, "Matrix load time": 0.021760000000000005, "Transient load time": 0.0, "Matrix synchronize time": 0.0, "Matrix reorder time": 0.03020000000000002, "Matrix factor time": 0.10348000000000003, "Matrix solve time": 0.006840000000000001, "Total analysis time (seconds)": 0.19203999999999996, "Total iterations": 42.0, "Circuit Equations": 4506.0, "Circuit original non-zeroes": 20705.0, "Circuit fill-in non-zeroes": 32212.0, "Circuit total non-zeroes": 0.0}, "20": {"Netlist lines": 814, "Subckt and Param expansion time": 0.011760000000000007, "Netlist parsing time": 0.006400000000000004, "Netlist loading time": 0.0021200000000000012, "Matrix load time": 0.004360000000000002, "Transient load time": 0.0, "Matrix synchronize time": 0.0, "Matrix reorder time": 0.0062800000000000035, "Matrix factor time": 0.017800000000000003, "Matrix solve time": 0.0016400000000000006, "Total analysis time (seconds)": 0.03812, "Total iterations": 35.0, "Circuit Equations": 2006.0, "Circuit original non-zeroes": 9205.0, "Circuit fill-in non-zeroes": 11446.0, "Circuit total non-zeroes": 0.0}, "10": {"Netlist lines": 214, "Subckt and Param expansion time": 0.002880000000000001, "Netlist parsing time": 0.0014400000000000007, "Netlist loading time": 0.0004000000000000001, "Matrix load time": 0.0006800000000000002, "Transient load time": 0.0, "Matrix synchronize time": 0.0, "Matrix reorder time": 0.0005600000000000002, "Matrix factor time": 0.0011600000000000004, "Matrix solve time": 0.0002400000000000001, "Total analysis time (seconds)": 0.004280000000000002, "Total iterations": 42.0, "Circuit Equations": 506.0, "Circuit original non-zeroes": 2305.0, "Circuit fill-in non-zeroes": 1592.0, "Circuit total non-zeroes": 0.0}, "4": {"Netlist lines": 46, "Subckt and Param expansion time": 0.0005600000000000002, "Netlist parsing time": 0.00032, "Netlist loading time": 8e-05, "Matrix load time": 0.00024, "Transient load time": 0.0, "Matrix synchronize time": 0.0, "Matrix reorder time": 4e-05, "Matrix factor time": 0.00016, "Matrix solve time": 4e-05, "Total analysis time (seconds)": 0.0010000000000000005, "Total iterations": 46.0, "Circuit Equations": 87.0, "Circuit original non-zeroes": 373.0, "Circuit fill-in non-zeroes": 99.0, "Circuit total non-zeroes": 0.0}}